company,source_type,ats,token,careers_url,enabled,notes
Kforce,STAFFING_AGENCY,CUSTOM,,,false,Seeded for source verification; do not collect until exact careers source is verified.
Adecco,STAFFING_AGENCY,CUSTOM,,,false,Seeded for source verification; do not collect until exact careers source is verified.
TEKsystems,STAFFING_AGENCY,CUSTOM,,,false,Seeded for source verification; do not collect until exact careers source is verified.
Insight Global,STAFFING_AGENCY,CUSTOM,,,false,Seeded for source verification; do not collect until exact careers source is verified.
Randstad Digital,STAFFING_AGENCY,CUSTOM,,,false,Seeded for source verification; do not collect until exact careers source is verified.
Apex Systems,STAFFING_AGENCY,CUSTOM,,,false,Seeded for source verification; do not collect until exact careers source is verified.
Robert Half,STAFFING_AGENCY,CUSTOM,,,false,Seeded for source verification; do not collect until exact careers source is verified.
Collabera,STAFFING_AGENCY,CUSTOM,,,false,Seeded for source verification; do not collect until exact careers source is verified.
Beacon Hill,STAFFING_AGENCY,CUSTOM,,,false,Seeded for source verification; do not collect until exact careers source is verified.
Antra Inc,CONSULTING,CUSTOM,,,false,Seeded for source verification; do not collect until exact careers source is verified.
Experis,STAFFING_AGENCY,CUSTOM,,,false,Seeded for source verification; do not collect until exact careers source is verified.
Aerotek,STAFFING_AGENCY,CUSTOM,,,false,Seeded for source verification; do not collect until exact careers source is verified.
Kelly Services,STAFFING_AGENCY,CUSTOM,,,false,Seeded for source verification; do not collect until exact careers source is verified.
Staffmark,STAFFING_AGENCY,CUSTOM,,,false,Seeded for source verification; do not collect until exact careers source is verified.
Motion Recruitment,STAFFING_AGENCY,CUSTOM,,,false,Seeded for source verification; do not collect until exact careers source is verified.
Brooksource,STAFFING_AGENCY,CUSTOM,,,false,Seeded for source verification; do not collect until exact careers source is verified.
Eliassen Group,STAFFING_AGENCY,CUSTOM,,,false,Seeded for source verification; do not collect until exact careers source is verified.
Dexian,STAFFING_AGENCY,CUSTOM,,,false,Seeded for source verification; do not collect until exact careers source is verified.
Genesis10,STAFFING_AGENCY,CUSTOM,,,false,Seeded for source verification; do not collect until exact careers source is verified.
Judge Group,STAFFING_AGENCY,CUSTOM,,,false,Seeded for source verification; do not collect until exact careers source is verified.
Vaco,STAFFING_AGENCY,CUSTOM,,,false,Seeded for source verification; do not collect until exact careers source is verified.
Aquent,STAFFING_AGENCY,CUSTOM,,,false,Seeded for source verification; do not collect until exact careers source is verified.
Horizontal Talent,STAFFING_AGENCY,CUSTOM,,,false,Seeded for source verification; do not collect until exact careers source is verified.
Pyramid Consulting,STAFFING_AGENCY,CUSTOM,,,false,Seeded for source verification; do not collect until exact careers source is verified.
Artech,STAFFING_AGENCY,CUSTOM,,,false,Seeded for source verification; do not collect until exact careers source is verified.
Compunnel,STAFFING_AGENCY,CUSTOM,,,false,Seeded for source verification; do not collect until exact careers source is verified.
Rose International,STAFFING_AGENCY,CUSTOM,,,false,Seeded for source verification; do not collect until exact careers source is verified.
Mindlance,STAFFING_AGENCY,CUSTOM,,,false,Seeded for source verification; do not collect until exact careers source is verified.
LanceSoft,STAFFING_AGENCY,CUSTOM,,,false,Seeded for source verification; do not collect until exact careers source is verified.
US Tech Solutions,STAFFING_AGENCY,CUSTOM,,,false,Seeded for source verification; do not collect until exact careers source is verified.
eTeam,STAFFING_AGENCY,CUSTOM,,,false,Seeded for source verification; do not collect until exact careers source is verified.
Net2Source,STAFFING_AGENCY,CUSTOM,,,false,Seeded for source verification; do not collect until exact careers source is verified.
Diverse Lynx,STAFFING_AGENCY,CUSTOM,,,false,Seeded for source verification; do not collect until exact careers source is verified.
Intelliswift,STAFFING_AGENCY,CUSTOM,,,false,Seeded for source verification; do not collect until exact careers source is verified.
Cynet Systems,STAFFING_AGENCY,CUSTOM,,,false,Seeded for source verification; do not collect until exact careers source is verified.
BCforward,STAFFING_AGENCY,CUSTOM,,,false,Seeded for source verification; do not collect until exact careers source is verified.
TalentBurst,STAFFING_AGENCY,CUSTOM,,,false,Seeded for source verification; do not collect until exact careers source is verified.
Ampcus,STAFFING_AGENCY,CUSTOM,,,false,Seeded for source verification; do not collect until exact careers source is verified.
ICONMA,STAFFING_AGENCY,CUSTOM,,,false,Seeded for source verification; do not collect until exact careers source is verified.
Nesco Resource,STAFFING_AGENCY,CUSTOM,,,false,Seeded for source verification; do not collect until exact careers source is verified.
Volt,STAFFING_AGENCY,CUSTOM,,,false,Seeded for source verification; do not collect until exact careers source is verified.
Acro Service Corporation,STAFFING_AGENCY,CUSTOM,,,false,Seeded for source verification; do not collect until exact careers source is verified.
ASK Consulting,STAFFING_AGENCY,CUSTOM,,,false,Seeded for source verification; do not collect until exact careers source is verified.
Ztek Consulting,STAFFING_AGENCY,CUSTOM,,,false,Seeded for source verification; do not collect until exact careers source is verified.
Saxon Global,STAFFING_AGENCY,CUSTOM,,,false,Seeded for source verification; do not collect until exact careers source is verified.
Matlen Silver,STAFFING_AGENCY,CUSTOM,,,false,Seeded for source verification; do not collect until exact careers source is verified.
Synechron,CONSULTING,CUSTOM,,,false,Seeded for source verification; do not collect until exact careers source is verified.
Tekfortune,STAFFING_AGENCY,CUSTOM,,,false,Seeded for source verification; do not collect until exact careers source is verified.
VDart,STAFFING_AGENCY,CUSTOM,,,false,Seeded for source verification; do not collect until exact careers source is verified.
Cognizant,CONSULTING,CUSTOM,,,false,Seeded for source verification; do not collect until exact careers source is verified.
Infosys,CONSULTING,CUSTOM,,,false,Seeded for source verification; do not collect until exact careers source is verified.
Tata Consultancy Services,CONSULTING,CUSTOM,,,false,Seeded for source verification; do not collect until exact careers source is verified.
Wipro,CONSULTING,CUSTOM,,,false,Seeded for source verification; do not collect until exact careers source is verified.
HCLTech,CONSULTING,CUSTOM,,,false,Seeded for source verification; do not collect until exact careers source is verified.
Capgemini,CONSULTING,CUSTOM,,,false,Seeded for source verification; do not collect until exact careers source is verified.
Accenture,CONSULTING,CUSTOM,,,false,Seeded for source verification; do not collect until exact careers source is verified.
